Image,xmin,ymin,xmax,ymax,Category,Label_SA,Label_CA,Valence,Arousal,Dominance
HECO_7527.png,338.4188699,15.26168224,516.5837221,420.3598131,Happiness,Extremely-Sa,Highly-Ca,8,10,7
HECO_4446.png,40.20446097,111.6951993,720.2342007,761.035779,Peace,Neutral,Slightly-Ca,5,6,6
HECO_2619.png,83.20846037,165.4761905,789.846091,1280.183983,Happiness,ExtremelyN-Sa,Neutral,7,5,3
HECO_0384.png,573.6304817,321.6017316,692.1524083,601.2554113,Peace,Neutral,Slightly-Ca,4,5,7
HECO_8624.png,3.121998079,4.225990166,194.4764547,321.1751354,Sadness,Slightly-Sa,Mildly-Ca,4,5,8
HECO_6678.png,510.8115013,231.8317757,706.6894792,612.3115265,Peace,ExtremelyN-Sa,Neutral,5,3,5
HECO_5190.png,29.32360573,61.5974026,605.2816349,500.1937229,Fear,SlightlyN-Sa,Mildly-Ca,3,5,6
HECO_5242.png,109.5582505,61.36363636,435.5582505,612.9545455,Happiness,Neutral,Mildly-Ca,8,5,6
HECO_1688.png,484.4155844,188.0519481,640.0,448.3116883,Anger,ExtremelyN-Sa,Neutral,3,3,4
HECO_3140.png,200.7272727,206.961039,425.1428571,747.2207792,Peace,Slightly-Sa,Mildly-Ca,4,5,8
HECO_1187.png,62.29707792,20.69805195,261.5665584,365.2597403,Happiness,Slightly-Sa,Slightly-Ca,6,6,7
HECO_4382.png,146.3598513,105.9219557,820.4208178,1010.68423,Peace,SlightlyN-Sa,Neutral,5,4,6
HECO_1310.png,75.06493506,53.50649351,370.6493506,474.8051948,Happiness,Neutral,Slightly-Ca,6,6,6
HECO_5642.png,149.516226,12.41991342,848.4777644,594.8484848,Happiness,SlightlyN-Sa,Neutral,7,4,5
HECO_0357.png,132.4794401,208.7922078,997.9072616,827.1038961,Peace,Extremely-Sa,Mildly-Ca,5,6,8
HECO_2005.png,38.42380478,149.1428571,1101.212649,845.1428571,Peace,Slightly-Sa,Mildly-Ca,5,7,7
HECO_3761.png,15.74675325,77.5974026,146.9155844,291.2337662,Disgust,SlightlyN-Sa,Highly-Ca,2,5,7
HECO_0560.png,18.46788758,244.9177489,394.3396408,933.1255411,Surprise,Slightly-Sa,Mildly-Ca,8,6,6
HECO_9064.png,387.6396533,14.08878505,839.0,670.0,Peace,ExtremelyN-Sa,Neutral,5,3,5
HECO_6965.png,362.3605078,48.93457944,699.0,561.0,Disgust,ExtremelyN-Sa,Highly-Ca,1,5,6
HECO_9329.png,984.2085594,655.8504673,1201.413515,1155.364486,Peace,ExtremelyN-Sa,Neutral,5,3,5
HECO_3221.png,368.16,140.4675325,507.8628571,387.017316,Fear,ExtremelyN-Sa,Highly-Ca,2,3,7
HECO_2140.png,369.7186147,251.6883117,683.9177489,684.3290043,Happiness,Extremely-Sa,Mildly-Ca,7,6,8
HECO_7477.png,853.7006732,303.9042056,907.790782,456.6518692,Peace,ExtremelyN-Sa,Neutral,5,5,5
HECO_3014.png,135.9034776,99.4619247,385.1809794,590.6296807,Fear,Extremely-Sa,Highly-Ca,4,10,8
HECO_2653.png,123.548616,64.84993695,777.6295245,565.3089533,Sadness,SlightlyN-Sa,Mildly-Ca,3,5,6
HECO_1199.png,18.07802288,117.7489177,255.7120098,619.9134199,Happiness,Extremely-Sa,Mildly-Ca,5,6,8
HECO_0243.png,514.7148014,94.61471861,710.6425993,538.8603896,Happiness,Extremely-Sa,Highly-Ca,6,10,9
HECO_0953.png,236.2265244,264.5887446,374.0704268,617.8354978,Peace,Neutral,Highly-Ca,3,6,7
HECO_3659.png,6.387508872,70.5357897,143.7189496,297.208087,Disgust,SlightlyN-Sa,Mildly-Ca,3,5,6
HECO_6804.png,0.0,142.6401869,453.5560826,814.0,Fear,Neutral,Highly-Ca,2,6,7
HECO_5748.png,534.9839712,42.69480519,850.8022954,782.1688312,Peace,Neutral,Slightly-Ca,5,6,6
HECO_4215.png,235.1866883,73.05194805,391.8425325,366.4772727,Peace,ExtremelyN-Sa,Neutral,5,4,5
HECO_1851.png,55.31621488,226.0324675,330.2801918,566.0,Happiness,Slightly-Sa,Slightly-Ca,6,5,7
HECO_7902.png,87.81988189,188.1845794,580.7332677,911.0023364,Peace,ExtremelyN-Sa,Neutral,5,5,5
HECO_9147.png,232.0540849,101.2796271,360.7110393,429.553732,Peace,ExtremelyN-Sa,Neutral,5,5,5
HECO_3613.png,303.0972321,106.2406437,394.6728176,244.9232784,Anger,SlightlyN-Sa,Highly-Ca,2,5,7
HECO_7557.png,217.7570093,179.0654206,388.9719626,478.1308411,Surprise,Neutral,Mildly-Ca,8,3,7
HECO_8337.png,709.9787322,30.28745501,1113.370019,838.0,Anger,Slightly-Sa,Mildly-Ca,4,7,7
HECO_2990.png,384.0560434,214.995671,567.8907541,630.5800866,Excitement,Extremely-Sa,Highly-Ca,8,8,8
HECO_7081.png,831.8185328,39.31488374,1564.0,767.0,Sadness,ExtremelyN-Sa,Highly-Ca,2,5,6
HECO_7141.png,0.0,66.97819315,209.6245458,500.0,Happiness,SlightlyN-Sa,Slightly-Ca,8,3,6
HECO_4719.png,854.4155844,301.5584416,960.0,600.7792208,Peace,SlightlyN-Sa,Neutral,5,5,6
HECO_5542.png,12.90152311,10.28138528,535.2605758,446.7261905,Sadness,ExtremelyN-Sa,Mildly-Ca,2,3,5
HECO_0467.png,593.8701299,241.038961,765.9220779,507.8441558,Sadness,ExtremelyN-Sa,Neutral,4,4,5
HECO_3278.png,438.0590353,249.8474026,488.9272858,363.3474026,Peace,Neutral,Slightly-Ca,4,5,7
HECO_7608.png,425.031185,53.87383178,522.8274428,424.0070093,Peace,ExtremelyN-Sa,Neutral,5,5,5
HECO_1341.png,45.2987013,158.7532468,669.5064935,762.1818182,Fear,SlightlyN-Sa,Mildly-Ca,3,6,6
HECO_6786.png,0.0,42.93224299,265.1775487,717.2546729,Happiness,Extremely-Sa,Highly-Ca,9,7,8
HECO_5178.png,169.3582531,85.83179582,512.9444856,438.6977245,Surprise,Extremely-Sa,Highly-Ca,9,9,7
HECO_8956.png,72.39923225,100.28805,137.9558541,275.82405,Happiness,Extremely-Sa,Highly-Ca,10,7,8
HECO_6216.png,228.4816942,21.61688665,340.3804738,389.608191,Excitement,Extremely-Sa,Highly-Ca,10,10,8
HECO_4475.png,485.0298846,139.7402597,594.6176834,473.2467532,Peace,Neutral,Slightly-Ca,5,5,7
HECO_2516.png,175.9695982,96.98484848,992.8586211,1137.606061,Disgust,ExtremelyN-Sa,Highly-Ca,2,5,5
HECO_4608.png,31.0260223,212.398773,363.9591078,764.8742331,Happiness,Slightly-Sa,Mildly-Ca,7,6,7
HECO_5524.png,13.90824615,50.38961039,472.5161757,579.4805195,Happiness,ExtremelyN-Sa,Neutral,7,5,4
HECO_7431.png,542.4997071,166.2803738,711.7691857,375.0280374,Peace,ExtremelyN-Sa,Neutral,5,3,5
HECO_1611.png,93.79061372,33.73484848,345.1696751,421.9166667,Happiness,Slightly-Sa,Slightly-Ca,6,7,7
HECO_4747.png,261.0361432,73.2034632,404.5537229,398.284632,Happiness,Extremely-Sa,Mildly-Ca,7,7,8
HECO_3070.png,220.6753247,265.1428571,499.9480519,733.0909091,Peace,ExtremelyN-Sa,Neutral,4,4,6
HECO_6900.png,161.9472899,3.890186916,308.9908584,333.0,Peace,ExtremelyN-Sa,Neutral,5,5,5
HECO_0138.png,140.4675325,92.25974026,556.4675325,748.8831169,Happiness,Extremely-Sa,Mildly-Ca,8,6,7
HECO_7007.png,249.5131756,203.9175256,500.0,650.9288442,Peace,ExtremelyN-Sa,Neutral,5,5,5
HECO_8917.png,296.5880859,323.6838006,533.6555859,1115.031153,Peace,SlightlyN-Sa,Neutral,5,5,6
HECO_2284.png,37.74350649,9.74025974,280.762987,447.5649351,Happiness,Extremely-Sa,Mildly-Ca,7,7,7
HECO_6577.png,113.138469,231.6141208,598.2915651,720.0,Surprise,ExtremelyN-Sa,Highly-Ca,1,7,5
HECO_7547.png,266.8417461,82.24299065,417.849863,631.0280374,Peace,SlightlyN-Sa,Neutral,5,5,6
HECO_1214.png,123.4707904,99.51082251,268.6254296,445.8744589,Happiness,SlightlyN-Sa,Neutral,6,5,5
HECO_7981.png,78.30050588,21.89274627,459.8775804,332.2156926,Happiness,Neutral,Mildly-Ca,9,5,5
HECO_1583.png,267.366136,107.4632035,395.6439942,272.8268398,Happiness,Neutral,Neutral,6,5,6
HECO_5681.png,538.8601036,43.79805425,1185.492228,851.6037736,Peace,Neutral,Slightly-Ca,6,6,6
HECO_7519.png,120.7672697,225.4672897,249.2935855,494.9376947,Peace,ExtremelyN-Sa,Neutral,5,5,5
HECO_1772.png,320.2271114,7.12169749,618.1973031,338.8522127,Peace,ExtremelyN-Sa,Neutral,3,3,4
HECO_7907.png,5.940637985,82.00934579,253.0,450.0,Happiness,Slightly-Sa,Highly-Ca,10,4,6
HECO_4855.png,528.7962598,186.5454545,752.0,678.8181818,Happiness,Slightly-Sa,Slightly-Ca,7,5,7
HECO_4224.png,67.82590293,29.13203463,147.7356095,255.4134199,Happiness,Neutral,Slightly-Ca,7,5,6
HECO_1193.png,70.58781362,168.8658009,277.0394265,356.0865801,Happiness,Neutral,Slightly-Ca,6,4,7
HECO_7792.png,374.6749226,71.3271028,545.0773994,373.8068536,Excitement,Slightly-Sa,Highly-Ca,9,5,7
HECO_2806.png,202.6969482,63.97078402,421.2916962,387.5447485,Excitement,Neutral,Neutral,6,3,7
HECO_4648.png,12.9903775,102.334212,95.92894152,294.7870422,Excitement,Slightly-Sa,Mildly-Ca,8,5,7
HECO_2991.png,340.967509,167.0541126,454.8274368,672.6515152,Happiness,Extremely-Sa,Mildly-Ca,7,7,8
HECO_1972.png,647.8961039,155.4285714,930.4935065,751.3766234,Fear,Slightly-Sa,Mildly-Ca,5,5,8
HECO_6136.png,187.7889447,8.610733696,300.5348169,291.5817482,Happiness,Slightly-Sa,Slightly-Ca,7,6,6
HECO_8187.png,190.942533,143.4946311,563.4144562,566.3191116,Peace,SlightlyN-Sa,Neutral,5,3,7
HECO_4358.png,1324.112846,279.5430695,1519.757275,714.8754477,Disgust,ExtremelyN-Sa,Slightly-Ca,3,4,5
HECO_4015.png,306.3986874,32.40367965,492.2067268,378.1796537,Peace,Slightly-Sa,Mildly-Ca,5,5,8
HECO_6466.png,0.0,9.76635514,188.5607448,627.0,Happiness,Neutral,Slightly-Ca,8,5,5
HECO_0757.png,97.87373004,147.1785714,385.4862119,427.1428571,Peace,Extremely-Sa,Highly-Ca,3,5,9
HECO_7758.png,36.82242991,73.27102804,376.2616822,480.0,Excitement,Extremely-Sa,Highly-Ca,10,9,7
HECO_9009.png,320.5572797,216.9221184,600.8438576,925.1090343,Anger,ExtremelyN-Sa,Highly-Ca,1,5,6
HECO_3511.png,508.8483106,27.22943723,686.9992811,412.1212121,Excitement,Extremely-Sa,Highly-Ca,9,10,7
HECO_3381.png,278.3964932,455.4805195,547.6470588,806.7878788,Excitement,Extremely-Sa,Highly-Ca,8,10,7
HECO_4775.png,19.75930325,45.91233766,185.9699129,537.0,Peace,SlightlyN-Sa,Neutral,5,5,6
HECO_6008.png,477.1624113,71.52813853,812.9139886,1051.002165,Sadness,ExtremelyN-Sa,Slightly-Ca,3,5,5
HECO_5706.png,230.9311441,52.74242424,989.2717413,820.6363636,Happiness,Neutral,Neutral,7,4,6
HECO_6555.png,242.246986,30.02570093,437.2554463,531.5817757,Happiness,Extremely-Sa,Highly-Ca,10,6,8
HECO_8986.png,675.4672897,35.1635514,1364.018692,1050.0,Peace,ExtremelyN-Sa,Neutral,5,5,5
HECO_5302.png,42.74170703,67.7987013,656.5917492,577.5681818,Anger,ExtremelyN-Sa,Mildly-Ca,3,6,5
HECO_1518.png,9.61038961,61.2987013,206.4935065,462.8571429,Fear,Neutral,Mildly-Ca,3,5,7
HECO_1397.png,32.9963355,256.0,366.8416124,986.3203463,Peace,SlightlyN-Sa,Mildly-Ca,3,5,6
HECO_5337.png,450.976252,36.17424242,1260.117746,846.4772727,Happiness,SlightlyN-Sa,Neutral,6,5,5
HECO_4795.png,533.88453,113.6468371,684.0562546,337.9860442,Peace,Slightly-Sa,Slightly-Ca,5,6,7
HECO_6090.png,421.9626705,80.05817503,554.0,293.0,Peace,Slightly-Sa,Slightly-Ca,5,6,7
HECO_4680.png,340.6646928,56.41503268,715.3427091,477.9662309,Peace,Neutral,Slightly-Ca,6,6,6
HECO_0639.png,282.1818182,233.5584416,446.7532468,434.7012987,Peace,ExtremelyN-Sa,Neutral,4,6,3
HECO_2608.png,190.530303,50.0,489.7727273,700.0,Happiness,Slightly-Sa,Slightly-Ca,6,6,7
HECO_5330.png,76.24352332,0.0,600.5085122,523.5623472,Disgust,ExtremelyN-Sa,Mildly-Ca,2,4,5
HECO_1752.png,292.7272727,110.1298701,530.1298701,468.0519481,Peace,ExtremelyN-Sa,Slightly-Ca,3,5,5
HECO_0142.png,89.47080029,157.952381,849.1651045,540.2857143,Peace,ExtremelyN-Sa,Neutral,3,1,4
HECO_9271.png,478.2379221,132.4509346,755.9148052,486.7172897,Disgust,ExtremelyN-Sa,Highly-Ca,1,3,5
HECO_7716.png,84.06441558,119.152648,439.9376623,539.9104361,Peace,ExtremelyN-Sa,Neutral,5,3,6
HECO_9381.png,675.6016577,17.70833333,1223.0,646.0,Sadness,ExtremelyN-Sa,Highly-Ca,1,3,7
HECO_3707.png,172.2402597,77.5974026,316.7207792,295.1298701,Happiness,Slightly-Sa,Slightly-Ca,7,6,6
HECO_8651.png,110.8307123,55.58393353,261.7309963,297.715369,Peace,SlightlyN-Sa,Neutral,5,5,6
HECO_4304.png,344.2015614,250.2801724,508.5237757,774.6767241,Fear,Neutral,Highly-Ca,2,6,7
HECO_8086.png,97.98717141,201.7018116,1076.305669,1465.467224,Peace,SlightlyN-Sa,Neutral,6,4,6
HECO_4095.png,83.70120653,25.72130024,234.2902768,293.1999848,Peace,Neutral,Slightly-Ca,5,5,7
HECO_0413.png,2.477876106,51.36796537,243.3746313,457.7792208,Disgust,Neutral,Slightly-Ca,4,5,7
HECO_7536.png,34.84407484,150.3146417,222.4532225,423.6744548,Happiness,Extremely-Sa,Highly-Ca,9,2,9
HECO_6123.png,163.0954805,204.5487013,346.3202362,753.0,Happiness,Neutral,Slightly-Ca,7,7,5
HECO_9033.png,35.39116883,296.817757,362.5392208,682.4680685,Disgust,SlightlyN-Sa,Highly-Ca,2,5,7
HECO_8626.png,294.4883244,141.9796659,445.4146937,446.4045393,Peace,Extremely-Sa,Mildly-Ca,5,6,8
HECO_5966.png,887.4551328,41.78339161,1534.906676,781.747028,Fear,SlightlyN-Sa,Slightly-Ca,4,5,6
HECO_6184.png,57.48197115,55.74025974,201.0717147,566.3722944,Happiness,Slightly-Sa,Slightly-Ca,7,6,6
HECO_0414.png,703.6030324,0.0,1024.0,621.6053371,Happiness,Extremely-Sa,Mildly-Ca,7,7,8
HECO_8853.png,313.0257968,75.65863462,479.6472185,331.4653537,Peace,Slightly-Sa,Slightly-Ca,6,5,7
HECO_1446.png,256.2322801,28.85714286,397.8958155,279.8268398,Peace,SlightlyN-Sa,Mildly-Ca,3,6,6
HECO_9336.png,463.4744841,257.0093458,669.7929504,991.4330218,Peace,ExtremelyN-Sa,Neutral,5,5,5
HECO_9167.png,108.7328558,140.2937979,284.6233002,369.9152542,Peace,ExtremelyN-Sa,Neutral,5,5,5
HECO_4551.png,663.8843673,59.01515152,861.8573403,623.2575758,Peace,SlightlyN-Sa,Neutral,5,5,6
HECO_5318.png,24.60585586,158.5714286,357.3385886,539.9837662,Disgust,ExtremelyN-Sa,Slightly-Ca,3,5,5
HECO_4404.png,6.736802974,63.61872523,168.8163569,295.4549207,Happiness,Slightly-Sa,Slightly-Ca,7,6,6
HECO_3614.png,223.1866572,45.97651324,366.9339957,215.4594893,Happiness,Slightly-Sa,Slightly-Ca,7,5,7
HECO_1779.png,263.2034632,261.8181818,450.2164502,511.8614719,Anger,ExtremelyN-Sa,Highly-Ca,2,6,5
HECO_5079.png,104.9425347,48.93939394,371.7536458,351.6233766,Happiness,Slightly-Sa,Mildly-Ca,8,6,6
HECO_2178.png,345.7040202,663.4090909,867.0,1311.774892,Happiness,Slightly-Sa,Slightly-Ca,7,5,7
HECO_7035.png,0.0,86.77966447,139.3220546,400.0,Peace,SlightlyN-Sa,Neutral,5,5,6
HECO_4138.png,288.6682078,66.23376623,411.402549,288.3116883,Happiness,Slightly-Sa,Slightly-Ca,7,5,7
HECO_8445.png,260.0094877,105.1869743,374.0892153,289.4604707,Surprise,Slightly-Sa,Slightly-Ca,7,5,7
HECO_7835.png,323.6547434,104.1775701,589.0772421,308.2196262,Happiness,Slightly-Sa,Highly-Ca,9,3,7
HECO_3378.png,53.52798655,140.7445887,286.1229233,766.8917749,Excitement,Extremely-Sa,Highly-Ca,8,7,7
HECO_1337.png,619.9913106,147.5270563,843.1803041,679.8106061,Fear,Slightly-Sa,Mildly-Ca,4,8,7
HECO_1071.png,515.8921907,29.33059914,745.8852799,320.8455777,Peace,ExtremelyN-Sa,Neutral,4,4,5
HECO_3204.png,471.6650106,79.92567302,739.8381831,459.9899048,Peace,Neutral,Slightly-Ca,5,5,7
HECO_4885.png,141.3378058,92.19805195,786.6416732,1065.961039,Happiness,Extremely-Sa,Highly-Ca,8,7,7
HECO_0056.png,25.40592695,30.0164177,640.7939352,610.142686,Peace,Slightly-Sa,Highly-Ca,3,7,7
HECO_5386.png,113.5628141,60.46753247,407.0502513,572.2597403,Peace,ExtremelyN-Sa,Neutral,5,4,5
HECO_5467.png,400.9592894,107.3109739,733.7024426,629.6050916,Peace,ExtremelyN-Sa,Neutral,5,4,3
HECO_5684.png,99.5532664,42.22727273,965.2283795,913.9188312,Peace,SlightlyN-Sa,Neutral,5,4,6
HECO_8520.png,345.0050392,6.857626349,500.0,304.1559384,Peace,ExtremelyN-Sa,Neutral,5,5,5
HECO_2429.png,542.1660752,27.19791667,847.0858765,616.0,Happiness,Neutral,Slightly-Ca,7,4,7
HECO_5903.png,17.69480519,77.92207792,168.9935065,288.6363636,Excitement,Extremely-Sa,Highly-Ca,9,7,7
HECO_3262.png,551.8384548,409.2045455,965.3942054,648.4318182,Peace,ExtremelyN-Sa,Neutral,5,1,4
HECO_3830.png,153.4830729,136.8961039,330.9256017,325.8917749,Peace,Slightly-Sa,Slightly-Ca,5,6,7
HECO_1926.png,296.4017233,151.9480519,715.7928998,1156.493506,Excitement,Extremely-Sa,Highly-Ca,8,7,8
HECO_7959.png,460.5140187,199.0654206,723.364486,899.2990654,Happiness,Extremely-Sa,Highly-Ca,9,7,7
HECO_7050.png,318.7613875,90.96260852,533.0,300.0,Fear,ExtremelyN-Sa,Highly-Ca,1,5,6
HECO_2328.png,155.4755976,17.60714286,1272.128984,853.4285714,Happiness,Slightly-Sa,Slightly-Ca,6,5,7
HECO_8349.png,243.5577132,116.8983077,458.2585783,599.5311047,Surprise,Slightly-Sa,Mildly-Ca,7,6,7
HECO_0160.png,618.3896104,85.33333333,752.4848485,566.3030303,Happiness,Slightly-Sa,Slightly-Ca,6,7,6
HECO_8422.png,239.1840665,31.45161435,354.5540913,217.0303605,Excitement,Extremely-Sa,Highly-Ca,10,10,7
HECO_2568.png,102.1887714,32.27489177,247.4776241,204.0606061,Happiness,Slightly-Sa,Slightly-Ca,6,5,7
HECO_9369.png,804.399805,64.80194257,1199.0,692.0,Happiness,Neutral,Highly-Ca,10,5,5
HECO_3274.png,649.2765343,132.3127706,791.9711191,452.3766234,Happiness,Slightly-Sa,Slightly-Ca,7,5,7
HECO_0875.png,174.8310435,157.9220779,408.2132274,611.6017316,Happiness,Extremely-Sa,Mildly-Ca,6,7,8
HECO_3609.png,259.2532468,49.67532468,443.3441558,297.4025974,Happiness,Extremely-Sa,Mildly-Ca,6,6,8
HECO_8205.png,5.770106912,3.518823326,553.8439747,582.3139513,Peace,SlightlyN-Sa,Neutral,5,4,6
HECO_8867.png,38.85542169,175.6626543,190.9036292,299.2771011,Surprise,Neutral,Slightly-Ca,6,4,7
HECO_3946.png,162.9464286,35.71428571,313.1087662,366.8831169,Happiness,Extremely-Sa,Mildly-Ca,7,8,7
HECO_3206.png,318.7532468,98.90909091,660.3636364,758.8571429,Happiness,Slightly-Sa,Slightly-Ca,6,6,7
HECO_3377.png,229.95671,228.2943723,420.5714286,627.2554113,Excitement,Extremely-Sa,Highly-Ca,8,6,9
HECO_0531.png,186.3874186,543.030303,348.0812296,786.8398268,Disgust,Slightly-Sa,Highly-Ca,3,7,8
HECO_6083.png,217.7051434,56.96753247,381.8476823,543.3354978,Peace,Extremely-Sa,Highly-Ca,6,6,10
HECO_0209.png,54.44155844,10.80519481,998.6493506,761.3506494,Happiness,Slightly-Sa,Slightly-Ca,6,6,7
HECO_1974.png,65.29131356,98.67965368,244.782839,446.6017316,Excitement,Extremely-Sa,Mildly-Ca,7,7,8
HECO_5848.png,184.9102656,123.6252422,298.1048098,289.1291182,Peace,ExtremelyN-Sa,Neutral,5,5,5
HECO_0326.png,377.6069114,169.512987,500.7228222,518.1201299,Disgust,Slightly-Sa,Highly-Ca,2,7,8
HECO_7810.png,298.2635553,33.38317757,605.3054221,564.0,Surprise,Slightly-Sa,Slightly-Ca,7,5,7
HECO_1612.png,32.55411255,129.5238095,205.021645,546.4935065,Fear,Slightly-Sa,Highly-Ca,3,7,8
HECO_8136.png,190.6492147,79.84669545,591.2660995,563.5373465,Anger,ExtremelyN-Sa,Mildly-Ca,3,2,7
HECO_7652.png,58.5046729,184.6728972,430.0934579,462.8037383,Happiness,Neutral,Highly-Ca,9,1,8
HECO_8969.png,186.9986691,63.87538941,440.6392142,373.8161994,Happiness,Neutral,Mildly-Ca,9,3,6
HECO_5457.png,152.8571429,21.28571429,551.4663643,419.4253247,Peace,SlightlyN-Sa,Neutral,5,4,6
HECO_0809.png,33.25631769,39.74242424,267.0758123,255.0909091,Happiness,Extremely-Sa,Highly-Ca,8,5,10
HECO_3483.png,200.034632,594.008658,370.7012987,971.9134199,Fear,Slightly-Sa,Highly-Ca,3,7,7
HECO_3695.png,246.1332906,59.74025974,427.3125562,290.5844156,Happiness,Slightly-Sa,Mildly-Ca,7,6,7
HECO_9016.png,454.3793519,3.744548287,874.0,601.0,Happiness,Neutral,Mildly-Ca,9,5,5
HECO_7789.png,46.75723684,51.83800623,403.0028509,640.0,Excitement,Extremely-Sa,Highly-Ca,9,6,7
HECO_0517.png,0.0,6.691558442,199.1924473,327.8863636,Happiness,Neutral,Neutral,6,5,6
HECO_1129.png,71.84404332,95.3538961,425.2534296,491.5530303,Peace,Neutral,Mildly-Ca,4,4,8
HECO_3318.png,223.627907,149.3506494,689.0824524,996.7532468,Excitement,Extremely-Sa,Highly-Ca,9,9,9
HECO_9366.png,495.3934666,201.3858424,759.6918576,796.0,Peace,ExtremelyN-Sa,Neutral,5,5,5
HECO_1222.png,195.1833214,109.9296537,310.2084831,423.6201299,Happiness,SlightlyN-Sa,Neutral,6,6,5
HECO_5419.png,206.2899709,58.73593074,521.1116764,691.5324675,Happiness,SlightlyN-Sa,Neutral,6,4,6
HECO_2012.png,362.5720369,9.368993309,692.5422285,401.0453923,Fear,Neutral,Highly-Ca,3,5,8
HECO_7416.png,151.3283998,219.3146417,502.0904162,1015.227414,Excitement,Slightly-Sa,Highly-Ca,9,5,7
HECO_0393.png,44.32900433,199.4805195,731.4285714,1000.727273,Anger,SlightlyN-Sa,Mildly-Ca,3,6,6
HECO_3434.png,488.8824802,359.452381,574.5234319,667.9761905,Happiness,Slightly-Sa,Slightly-Ca,6,7,6
HECO_0207.png,199.0122744,142.6612554,748.3494585,646.780303,Sadness,ExtremelyN-Sa,Neutral,4,4,5
HECO_7069.png,29.10505716,127.5999779,275.5691134,427.4662098,Happiness,Extremely-Sa,Highly-Ca,10,6,8
HECO_8079.png,12.17882001,74.51622355,926.019405,964.1854087,Happiness,Neutral,Mildly-Ca,9,5,5
HECO_4736.png,501.2524826,20.1969697,656.0,576.5909091,Peace,Neutral,Slightly-Ca,5,6,6
HECO_5259.png,92.44263509,72.58497503,191.2694301,215.5372503,Peace,SlightlyN-Sa,Neutral,5,5,6
HECO_3640.png,228.9112846,45.75639205,458.9595458,286.665483,Happiness,Neutral,Slightly-Ca,7,5,6
HECO_5666.png,194.53193,33.42857143,613.7440786,563.3333333,Anger,ExtremelyN-Sa,Highly-Ca,2,5,6
HECO_7097.png,67.70254843,102.9228972,476.4368658,609.0,Peace,Neutral,Slightly-Ca,5,5,7
HECO_0978.png,208.379078,118.1818182,324.6799021,338.3116883,Happiness,Slightly-Sa,Slightly-Ca,6,6,7
HECO_8090.png,126.1131763,14.17025417,358.4027767,315.0479441,Disgust,ExtremelyN-Sa,Neutral,3,2,3
HECO_7152.png,18.37527253,44.9423676,445.9229469,671.0,Sadness,ExtremelyN-Sa,Highly-Ca,1,5,6
HECO_2272.png,146.7632591,125.1071429,537.6244578,1018.571429,Happiness,Slightly-Sa,Slightly-Ca,6,6,7
HECO_4670.png,568.1894893,78.19875776,972.4781643,755.9627329,Peace,Slightly-Sa,Slightly-Ca,5,6,7
HECO_2905.png,306.2857143,204.4675325,601.3506494,546.0779221,Peace,SlightlyN-Sa,Mildly-Ca,3,4,7
HECO_6669.png,207.9878177,37.85358255,618.5579931,838.0,Excitement,Slightly-Sa,Highly-Ca,10,5,6
HECO_2105.png,3.652597403,29.22077922,119.0746753,379.3831169,Happiness,Slightly-Sa,Slightly-Ca,6,5,8
HECO_9061.png,20.53271028,86.86915888,212.9610592,338.0,Happiness,Neutral,Mildly-Ca,9,3,6
HECO_8248.png,77.46725005,93.25176597,731.0721371,692.0164356,Happiness,Extremely-Sa,Mildly-Ca,7,5,9
HECO_0106.png,479.1688312,146.2857143,963.7402597,756.3636364,Peace,Extremely-Sa,Highly-Ca,6,10,10
HECO_2500.png,470.3030303,58.18181818,1150.47619,1201.038961,Peace,ExtremelyN-Sa,Mildly-Ca,3,4,6
HECO_5012.png,207.3670472,58.32142857,500.5915981,717.9285714,Peace,Extremely-Sa,Mildly-Ca,4,5,9
HECO_4984.png,110.665523,48.31168831,633.990038,734.3376623,Peace,SlightlyN-Sa,Neutral,5,5,6
HECO_9050.png,470.1007678,4.023507047,1261.612284,745.0057029,Peace,ExtremelyN-Sa,Neutral,5,5,5
HECO_0912.png,300.5194805,133.5064935,435.5844156,480.0,Peace,Slightly-Sa,Highly-Ca,3,7,8
HECO_7226.png,140.5184556,240.161215,528.2926178,729.0,Disgust,ExtremelyN-Sa,Highly-Ca,2,5,6
HECO_3171.png,81.87012987,257.6623377,323.7402597,737.2467532,Happiness,Slightly-Sa,Slightly-Ca,6,6,7
HECO_6002.png,135.1017041,127.9285714,280.491775,555.0032468,Fear,Extremely-Sa,Highly-Ca,3,8,8
HECO_0704.png,202.3896104,345.7662338,514.9090909,743.0649351,Peace,SlightlyN-Sa,Slightly-Ca,4,1,8
HECO_7474.png,844.5170068,445.271028,956.5086342,651.5638629,Excitement,Extremely-Sa,Highly-Ca,10,10,9
HECO_6982.png,393.1965049,119.9003115,685.9522687,544.0,Anger,ExtremelyN-Sa,Highly-Ca,2,4,6
HECO_0650.png,633.5141407,164.0757576,781.9231327,683.7727273,Happiness,Extremely-Sa,Mildly-Ca,6,7,8
HECO_0300.png,0.0,71.48051948,352.0,721.4545455,Happiness,Neutral,Slightly-Ca,7,5,6
HECO_7894.png,199.1244714,16.31152648,274.0,235.4049844,Sadness,Extremely-Sa,Highly-Ca,1,10,8
HECO_4491.png,32.32118959,153.8716042,528.8921933,516.727175,Fear,Neutral,Mildly-Ca,3,5,7
HECO_1493.png,10.38961039,55.68831169,492.4675325,748.8831169,Disgust,ExtremelyN-Sa,Neutral,4,4,6
HECO_7750.png,104.1744548,38.38006231,459.5638629,638.0062305,Happiness,Slightly-Sa,Highly-Ca,9,5,6
HECO_5125.png,195.9792746,8.289473684,340.5595855,252.0,Excitement,Slightly-Sa,Mildly-Ca,8,5,7
HECO_1652.png,196.1038961,148.5714286,264.1558442,256.1038961,Happiness,Neutral,Neutral,6,5,6
HECO_1377.png,391.0649351,192.8311688,875.6363636,754.7012987,Peace,Neutral,Mildly-Ca,4,6,7
HECO_7772.png,183.8669439,85.4665109,388.1081081,417.355919,Excitement,Extremely-Sa,Mildly-Ca,8,6,7
HECO_2444.png,98.61441858,91.9004329,399.4771073,229.7510823,Happiness,SlightlyN-Sa,Neutral,6,4,6
HECO_9191.png,399.9617788,250.2620007,734.3850961,480.0,Peace,ExtremelyN-Sa,Neutral,5,5,5
HECO_5418.png,201.4862685,54.09090909,380.9652761,579.7272727,Anger,Neutral,Highly-Ca,2,10,5
HECO_1529.png,36.95306859,46.67424242,213.9350181,390.030303,Peace,ExtremelyN-Sa,Neutral,4,3,6
HECO_1330.png,205.6721079,334.3255151,338.6685593,542.1817098,Fear,ExtremelyN-Sa,Neutral,4,4,5
HECO_7116.png,0.0,2.77258567,306.4337216,356.0,Happiness,Neutral,Mildly-Ca,8,5,6
HECO_5745.png,230.0886176,9.321428571,349.5820942,298.9761905,Peace,Neutral,Slightly-Ca,5,6,6
HECO_8561.png,979.5059342,202.1454368,1354.0,856.0,Peace,Extremely-Sa,Mildly-Ca,5,6,8
HECO_8134.png,3.832199425,24.57579732,428.3647059,657.7341659,Anger,ExtremelyN-Sa,Slightly-Ca,3,3,5
HECO_4923.png,129.589255,45.65800866,466.3678941,384.6471861,Happiness,Extremely-Sa,Mildly-Ca,7,7,7
HECO_4157.png,74.97799858,63.18558673,288.8183109,277.8539541,Disgust,Neutral,Highly-Ca,2,6,7
HECO_4698.png,278.5336788,48.06564377,589.8911917,611.1287068,Surprise,Slightly-Sa,Mildly-Ca,7,6,7
HECO_9130.png,201.1604096,88.40849957,344.0273038,488.1134811,Happiness,Extremely-Sa,Highly-Ca,10,6,7
HECO_6322.png,283.6363636,19.39393939,537.1428571,608.8311688,Peace,ExtremelyN-Sa,Neutral,5,1,3
HECO_5979.png,286.2184529,76.57142857,366.2628269,297.004329,Peace,SlightlyN-Sa,Neutral,5,5,6
HECO_9051.png,381.6074766,198.5794393,567.6261682,652.5607477,Disgust,ExtremelyN-Sa,Highly-Ca,1,5,6
HECO_1985.png,83.57814953,20.0,263.1079768,224.4155844,Happiness,Slightly-Sa,Slightly-Ca,6,5,7
HECO_5342.png,71.89559659,0.0,752.9990449,570.8441558,Sadness,ExtremelyN-Sa,Mildly-Ca,2,5,4
HECO_5002.png,184.7964471,64.65974287,929.6558105,662.3220496,Anger,ExtremelyN-Sa,Highly-Ca,2,7,4
HECO_4899.png,167.2530242,31.44480519,358.8659274,442.1623377,Peace,Neutral,Slightly-Ca,5,6,6
HECO_6663.png,108.3905412,215.2318231,642.5504632,742.0,Happiness,Extremely-Sa,Highly-Ca,10,3,9
HECO_4022.png,269.8390491,106.3928571,414.5381895,324.9101732,Happiness,Extremely-Sa,Mildly-Ca,6,6,8
HECO_6109.png,22.44591346,566.6893939,469.5612981,873.6060606,Peace,SlightlyN-Sa,Neutral,5,5,6
HECO_1359.png,34.41340782,29.41558442,455.2913009,677.3755411,Surprise,Slightly-Sa,Mildly-Ca,7,6,7
HECO_4394.png,1043.180669,34.78953908,1423.0,649.3331121,Anger,ExtremelyN-Sa,Highly-Ca,2,5,5
HECO_4482.png,345.4126394,116.5858884,557.1598513,406.5198506,Anger,Neutral,Highly-Ca,3,6,7
HECO_3728.png,44.05303713,80.72727273,207.355128,312.8181818,Peace,Slightly-Sa,Slightly-Ca,5,6,7
HECO_4207.png,42.27272727,109.5064935,253.2337662,550.7532468,Peace,SlightlyN-Sa,Neutral,5,5,6
HECO_6468.png,0.973520249,1.947040498,247.0794393,500.0,Happiness,Neutral,Slightly-Ca,8,4,6
HECO_1477.png,155.0760319,8.154761905,809.0716872,673.8798701,Peace,Slightly-Sa,Slightly-Ca,5,6,7
HECO_5025.png,423.3900814,47.41479167,655.5144338,531.2603472,Peace,ExtremelyN-Sa,Neutral,4,1,1
HECO_6530.png,613.8890135,8.962616822,1142.0,822.0,Disgust,ExtremelyN-Sa,Slightly-Ca,3,5,5
HECO_5437.png,110.0649351,360.3896104,1103.571429,1566.233766,Peace,ExtremelyN-Sa,Neutral,4,3,4
HECO_2341.png,173.2751155,61.99134199,344.0603349,297.4891775,Surprise,Slightly-Sa,Slightly-Ca,6,6,7
HECO_8386.png,304.1781706,133.6240122,534.8901795,394.3320815,Happiness,SlightlyN-Sa,Slightly-Ca,8,3,6
HECO_9203.png,114.6257796,18.22823076,228.056147,173.0587745,Excitement,Extremely-Sa,Highly-Ca,10,10,5
HECO_6535.png,285.7556914,239.5420561,500.0,568.4906542,Happiness,Neutral,Highly-Ca,10,4,5
HECO_1420.png,0.0,306.7012987,169.1428571,714.8051948,Fear,ExtremelyN-Sa,Neutral,4,4,5
HECO_6436.png,153.3756112,179.1987895,672.6999869,627.5513372,Sadness,ExtremelyN-Sa,Highly-Ca,2,3,6
HECO_6420.png,472.0940545,51.95482866,806.1064548,947.8045171,Surprise,Slightly-Sa,Highly-Ca,9,3,7
HECO_6728.png,316.6734589,97.57087227,539.8693586,365.80919,Excitement,Extremely-Sa,Highly-Ca,10,6,7
HECO_6225.png,801.7339939,269.5530303,1170.026677,1016.007576,Happiness,Neutral,Neutral,6,5,6
HECO_2691.png,321.81875,302.5454545,648.7317073,885.4718615,Disgust,ExtremelyN-Sa,Neutral,4,3,3
HECO_4766.png,435.9510135,182.1428571,626.6537162,566.2987013,Peace,SlightlyN-Sa,Neutral,5,5,6
HECO_7797.png,117.3388773,83.13862928,283.3264033,341.8660436,Disgust,ExtremelyN-Sa,Highly-Ca,2,3,7
HECO_7786.png,85.13960703,28.46573209,309.5036194,402.4922118,Happiness,Slightly-Sa,Mildly-Ca,8,4,7
HECO_3986.png,182.1208093,50.45454545,325.2354452,323.6298701,Happiness,Slightly-Sa,Slightly-Ca,6,5,7
HECO_2480.png,187.1666667,33.33333333,394.5,308.0,Happiness,SlightlyN-Sa,Neutral,6,5,5
HECO_0599.png,17.87012987,144.6233766,392.7272727,754.7012987,Peace,ExtremelyN-Sa,Neutral,4,4,6
HECO_8035.png,0.0,110.6143061,486.0012457,858.6317105,Sadness,ExtremelyN-Sa,Highly-Ca,1,3,6
HECO_3730.png,378.9716135,34.25108225,472.9955179,352.4675325,Happiness,Neutral,Slightly-Ca,7,5,6
HECO_2977.png,88.65800866,252.6753247,497.5930736,988.5367965,Happiness,Slightly-Sa,Slightly-Ca,6,5,7
HECO_7230.png,583.575506,69.16510903,980.0,653.0,Excitement,Slightly-Sa,Highly-Ca,9,5,7
HECO_6834.png,223.5681484,3.971962617,437.0,260.046729,Peace,ExtremelyN-Sa,Neutral,5,5,5
HECO_0896.png,313.0735931,144.0692641,436.3636364,430.8225108,Peace,Neutral,Mildly-Ca,4,6,7
HECO_7584.png,542.1205821,64.18302181,638.9189189,331.5568536,Happiness,Slightly-Sa,Mildly-Ca,8,5,7
HECO_4845.png,142.0100766,171.9134199,270.9718601,461.3852814,Peace,SlightlyN-Sa,Neutral,5,4,6
HECO_7535.png,125.4205607,53.45794393,245.7943925,198.5046729,Happiness,Extremely-Sa,Highly-Ca,10,3,8
HECO_2788.png,236.1775599,6.738095238,405.8101247,213.4751082,Fear,Slightly-Sa,Slightly-Ca,6,5,7
HECO_0988.png,24.67532468,70.12987013,170.6493506,477.4025974,Happiness,SlightlyN-Sa,Neutral,6,4,6
HECO_1027.png,633.1083991,95.53030303,969.7860732,537.9090909,Peace,Neutral,Mildly-Ca,4,6,7
HECO_4357.png,32.9173849,201.3019481,339.4218333,707.3863636,Fear,ExtremelyN-Sa,Slightly-Ca,3,5,5
HECO_1203.png,321.6450216,113.4199134,388.3116883,363.6363636,Happiness,Neutral,Slightly-Ca,6,6,6
HECO_4595.png,1065.533829,119.2073801,1511.67658,773.0,Excitement,Extremely-Sa,Highly-Ca,8,5,8
HECO_6163.png,52.30952947,40.58441558,183.7885932,289.6103896,Peace,Slightly-Sa,Slightly-Ca,6,6,7
HECO_3228.png,43.63636364,7.480519481,468.3636364,716.4675325,Peace,SlightlyN-Sa,Neutral,5,5,6
HECO_6213.png,740.459923,51.75324675,1176.0,770.2608225,Peace,SlightlyN-Sa,Neutral,5,6,5
HECO_0297.png,112.8850965,135.2034632,651.3267527,787.9480519,Peace,ExtremelyN-Sa,Neutral,4,4,5
HECO_1180.png,164.9350649,111.6883117,447.012987,477.4025974,Excitement,SlightlyN-Sa,Neutral,7,5,5
HECO_7889.png,293.812448,99.59501558,931.3644879,1286.074766,Happiness,Extremely-Sa,Highly-Ca,9,6,7
HECO_8841.png,167.7890043,18.79518348,391.9294721,300.0,Peace,ExtremelyN-Sa,Neutral,5,5,5
HECO_3374.png,524.0519481,132.1558442,702.7532468,430.5454545,Sadness,ExtremelyN-Sa,Highly-Ca,1,3,4
HECO_8581.png,18.94044112,108.8700565,170.8693017,410.0,Happiness,Extremely-Sa,Highly-Ca,9,7,8
HECO_0371.png,437.0830325,178.8809524,781.6202166,673.3906926,Peace,ExtremelyN-Sa,Slightly-Ca,3,4,5
HECO_5106.png,701.2435233,36.33755476,1401.440415,926.3704135,Peace,SlightlyN-Sa,Neutral,5,4,6
HECO_2769.png,5.294713975,1.482683983,550.2910934,668.6904762,Surprise,Slightly-Sa,Slightly-Ca,6,5,8
HECO_1629.png,7.532467532,7.792207792,230.3896104,462.3376623,Happiness,Extremely-Sa,Mildly-Ca,6,6,8
HECO_6033.png,260.075625,58.58874459,539.635625,519.1774892,Happiness,Slightly-Sa,Slightly-Ca,7,6,6
HECO_7254.png,48.51804671,197.8200935,367.8467357,433.661215,Peace,ExtremelyN-Sa,Neutral,5,5,5
HECO_1300.png,365.4545455,55.06493506,514.025974,460.2597403,Happiness,Slightly-Sa,Mildly-Ca,7,6,7
HECO_6288.png,392.0773226,158.8095238,591.2448902,648.9534632,Happiness,Extremely-Sa,Mildly-Ca,8,6,7
HECO_3081.png,206.9780027,365.7142857,324.390727,782.4069264,Peace,Neutral,Mildly-Ca,3,5,7
HECO_9060.png,44.76525503,49.79439252,278.1117428,666.0,Happiness,Slightly-Sa,Highly-Ca,9,5,6
HECO_3846.png,144.1439925,91.98268398,301.8307741,326.6103896,Peace,Slightly-Sa,Slightly-Ca,5,6,7
HECO_3902.png,308.4327549,26.38744589,475.4609544,325.3246753,Happiness,Extremely-Sa,Mildly-Ca,6,6,8
HECO_1183.png,269.8083747,147.9358201,405.166785,370.1057623,Peace,ExtremelyN-Sa,Neutral,2,1,3
HECO_0585.png,131.7402597,114.7012987,836.5714286,758.025974,Happiness,Extremely-Sa,Highly-Ca,8,8,8
HECO_5625.png,87.3417812,65.24025974,766.6467571,583.9642857,Peace,ExtremelyN-Sa,Neutral,5,4,4
HECO_8542.png,325.067579,34.87574118,474.0,241.8302147,Peace,Neutral,Slightly-Ca,5,5,7
HECO_1730.png,5.470255299,27.70562771,523.9673651,1011.809524,Happiness,SlightlyN-Sa,Neutral,6,6,5
HECO_6034.png,184.2857143,64.00643382,422.7458722,408.8066558,Peace,Neutral,Slightly-Ca,5,6,6
HECO_7917.png,174.1658193,29.00934579,306.809631,222.4049844,Happiness,Slightly-Sa,Highly-Ca,9,3,7
HECO_0260.png,504.4828711,50.82912562,697.4225122,647.0015394,Happiness,Slightly-Sa,Slightly-Ca,7,6,6
HECO_9307.png,295.4501816,125.3317757,343.3484691,208.626947,Peace,ExtremelyN-Sa,Neutral,5,5,5
HECO_3501.png,354.664562,196.4512987,511.456985,729.2142857,Disgust,ExtremelyN-Sa,Highly-Ca,2,5,5
HECO_0221.png,525.8050542,221.0140693,655.1913357,515.9458874,Happiness,Neutral,Neutral,6,5,6
HECO_3085.png,550.6493506,186.1818182,740.987013,686.5454545,Fear,Neutral,Slightly-Ca,4,5,7
HECO_2513.png,155.8352535,103.0324675,825.6048387,1098.613636,Excitement,Slightly-Sa,Slightly-Ca,7,6,6
HECO_0282.png,431.7922078,253.5064935,628.7792208,477.9220779,Happiness,Neutral,Slightly-Ca,6,4,7
HECO_2602.png,428.2108303,311.1937229,562.7725632,578.775974,Surprise,Neutral,Neutral,7,4,6
HECO_6328.png,147.5951184,78.82462687,407.753051,500.0,Happiness,Neutral,Neutral,7,6,5
HECO_6354.png,214.9464085,20.0,424.1813188,385.0,Peace,Slightly-Sa,Slightly-Ca,5,6,7
HECO_2688.png,52.95268256,39.12878788,1282.460879,899.9621212,Peace,SlightlyN-Sa,Mildly-Ca,3,5,6
HECO_7410.png,425.5605217,313.4205607,652.758646,827.8130841,Disgust,Neutral,Highly-Ca,2,5,8
HECO_6283.png,1.937652936,2.922077922,121.0779466,300.0,Peace,ExtremelyN-Sa,Neutral,5,5,5
HECO_8590.png,697.1106807,273.8519832,1267.585708,1335.974057,Happiness,Extremely-Sa,Highly-Ca,9,7,8
HECO_1234.png,41.66666667,117.4242424,326.8398268,489.1774892,Happiness,ExtremelyN-Sa,Neutral,6,2,6
HECO_8200.png,342.2836827,98.29342353,758.6161423,585.4446416,Excitement,Slightly-Sa,Mildly-Ca,8,5,7
HECO_6843.png,264.8707947,52.90474054,455.5777669,270.0326779,Disgust,ExtremelyN-Sa,Slightly-Ca,3,3,5
HECO_7101.png,419.5794847,32.32866044,950.0,593.0,Happiness,ExtremelyN-Sa,Neutral,7,3,5
HECO_7760.png,387.5479744,192.0514019,562.8997868,438.0,Happiness,Slightly-Sa,Highly-Ca,9,3,7
HECO_2207.png,181.1799551,63.31168831,862.0,1285.930736,Excitement,Extremely-Sa,Highly-Ca,9,7,7
HECO_5654.png,205.7402433,123.6428571,499.2227926,411.5183983,Peace,SlightlyN-Sa,Neutral,5,5,6
HECO_4169.png,166.8831169,27.92207792,251.6233766,298.3766234,Peace,SlightlyN-Sa,Neutral,5,5,6
HECO_8363.png,41.08159682,36.75971808,307.1157611,313.0,Happiness,Slightly-Sa,Mildly-Ca,7,6,7
HECO_4331.png,665.6408801,141.0085691,973.3427963,799.132617,Surprise,Slightly-Sa,Slightly-Ca,7,6,6
HECO_6906.png,148.6640869,34.57943925,449.0,300.0,Happiness,Neutral,Mildly-Ca,9,5,5
HECO_6440.png,580.6718674,18.95127796,1178.0,719.0,Sadness,ExtremelyN-Sa,Highly-Ca,1,5,4
HECO_2102.png,1434.623377,7.948051948,3495.818182,2339.376623,Surprise,Slightly-Sa,Mildly-Ca,5,5,8
HECO_8110.png,187.9005039,4.030378819,811.6708803,588.3794498,Happiness,Slightly-Sa,Mildly-Ca,8,5,7
HECO_3040.png,668.499639,165.5757576,1003.425271,683.0,Peace,ExtremelyN-Sa,Mildly-Ca,3,4,6
HECO_7384.png,518.8632708,181.7406542,776.922252,560.5957944,Happiness,Extremely-Sa,Highly-Ca,10,5,7
HECO_8295.png,353.9556026,215.3050569,1264.753616,1209.799442,Happiness,Extremely-Sa,Highly-Ca,9,5,8
HECO_8765.png,483.2271092,123.8571733,586.8866479,284.0,Disgust,SlightlyN-Sa,Mildly-Ca,3,6,6
HECO_4714.png,333.9859363,158.2764044,650.7179867,548.8750777,Happiness,Slightly-Sa,Slightly-Ca,6,5,7
HECO_2816.png,899.4257671,349.9902597,1280.5088,734.6980519,Peace,ExtremelyN-Sa,Slightly-Ca,3,4,5
HECO_6547.png,39.90462068,27.52647975,249.9221954,363.7009346,Happiness,Slightly-Sa,Highly-Ca,9,4,7
HECO_0445.png,442.0165889,328.034632,648.2471084,699.2900433,Peace,Extremely-Sa,Highly-Ca,3,9,9
HECO_5388.png,64.3202525,53.2987013,613.9323877,550.7532468,Disgust,ExtremelyN-Sa,Mildly-Ca,2,4,5
HECO_5068.png,109.6902965,47.93073593,1123.267001,1372.017316,Happiness,Slightly-Sa,Slightly-Ca,6,5,7
HECO_0063.png,470.3537906,0.0,947.234657,672.6515152,Happiness,ExtremelyN-Sa,Neutral,6,4,5
HECO_5849.png,116.1446897,119.1558442,240.1351432,286.6883117,Happiness,Neutral,Slightly-Ca,6,6,6
HECO_4630.png,261.9837158,104.5389536,774.649889,776.774695,Sadness,ExtremelyN-Sa,Slightly-Ca,3,5,4
HECO_2231.png,600.2750611,163.3852814,879.9816626,904.0,Happiness,Slightly-Sa,Mildly-Ca,7,6,7
HECO_5908.png,281.7663995,112.1883117,445.0,435.3290043,Sadness,ExtremelyN-Sa,Mildly-Ca,2,3,5
HECO_6254.png,36.61737258,57.8683834,876.5283561,777.7539342,Fear,ExtremelyN-Sa,Neutral,4,3,6
HECO_8827.png,171.0240927,64.33735124,264.7590361,241.9277145,Anger,Neutral,Highly-Ca,3,6,7
HECO_7318.png,350.5703896,97.87538941,506.9631169,275.008567,Happiness,ExtremelyN-Sa,Neutral,7,3,5
HECO_8989.png,20.40025072,63.30841121,220.1137178,332.4299065,Peace,ExtremelyN-Sa,Neutral,5,2,6
HECO_3113.png,741.8181818,174.5454545,1016.103896,768.0,Surprise,Extremely-Sa,Mildly-Ca,5,6,8
HECO_9372.png,0.0,266.6351611,326.0575329,783.0,Surprise,Neutral,Slightly-Ca,8,5,5
HECO_8082.png,558.3109405,67.38481229,1291.669866,885.6783276,Peace,ExtremelyN-Sa,Neutral,5,5,5
HECO_1120.png,276.7797834,26.34090909,563.7400722,422.8409091,Happiness,Slightly-Sa,Slightly-Ca,6,5,7
HECO_2188.png,244.1933638,115.3636364,1342.591533,1558.324675,Happiness,Extremely-Sa,Mildly-Ca,6,6,8
HECO_1458.png,58.9992378,123.012987,614.5797256,1007.376623,Happiness,Extremely-Sa,Mildly-Ca,6,6,9
HECO_7339.png,129.92,143.0685358,380.8812698,694.5327103,Fear,ExtremelyN-Sa,Slightly-Ca,3,2,6
HECO_8040.png,405.9190031,90.34267913,643.3021807,737.0716511,Disgust,SlightlyN-Sa,Highly-Ca,1,6,7
HECO_0156.png,189.1391492,78.23809524,592.2422495,675.3571429,Peace,ExtremelyN-Sa,Neutral,4,5,5
HECO_3398.png,527.3591356,293.4025974,889.057008,756.3636364,Happiness,Extremely-Sa,Highly-Ca,8,7,8
HECO_6355.png,507.6755205,159.0,701.1055276,466.3582677,Peace,ExtremelyN-Sa,Neutral,5,2,6
HECO_5096.png,219.128856,85.09090909,1031.546059,839.6883117,Peace,ExtremelyN-Sa,Neutral,5,5,5
HECO_7180.png,0.0,29.48721703,414.7326255,569.3423351,Sadness,ExtremelyN-Sa,Highly-Ca,2,3,6
HECO_4243.png,57.59604978,166.75,247.3507395,660.5032468,Happiness,Slightly-Sa,Slightly-Ca,7,5,7
HECO_7514.png,214.807243,26.28504673,334.2581776,222.838785,Happiness,Extremely-Sa,Highly-Ca,10,5,7
HECO_2633.png,1268.644429,171.9845523,1790.546487,1080.0,Happiness,Slightly-Sa,Slightly-Ca,6,6,7
HECO_5428.png,397.913961,17.09415584,780.0,526.1201299,Sadness,Neutral,Highly-Ca,2,6,7
HECO_6729.png,275.3143587,166.2850467,430.8215281,330.0,Happiness,SlightlyN-Sa,Neutral,7,4,5
HECO_6848.png,197.8570037,6.978971963,471.0,309.0,Anger,ExtremelyN-Sa,Highly-Ca,1,3,7
HECO_1134.png,178.1554164,118.2077922,265.7545512,324.3506494,Peace,SlightlyN-Sa,Slightly-Ca,4,5,6
HECO_7581.png,363.1666667,66.66666667,537.5,370.3333333,Disgust,ExtremelyN-Sa,Slightly-Ca,3,3,5
HECO_4858.png,228.0503331,192.9262522,348.257587,482.0527298,Happiness,Neutral,Neutral,6,5,6
HECO_3243.png,225.6623377,243.5324675,455.0649351,512.0,Excitement,Extremely-Sa,Highly-Ca,8,6,8
